code,system
1567956,ICD10CM
201826,ICD10CM
443732,ICD10CM
1567956,ICD10CM
201826,ICD10CM
443732,ICD10CM
1567957,ICD10CM
1567957,ICD10CM
45542738,ICD10CM
45586139,ICD10CM
45561949,ICD10CM
45591031,ICD10CM
44826460,ICD10CM
44832193,ICD10CM
201530,ICD10CM
4228443,ICD10CM
36714116,ICD10CM
45772019,ICD10CM
45542738,ICD10CM
45586139,ICD10CM
45561949,ICD10CM
45591031,ICD10CM
44826460,ICD10CM
44832193,ICD10CM
201530,ICD10CM
4228443,ICD10CM
36714116,ICD10CM
45772019,ICD10CM
1567958,ICD10CM
1567958,ICD10CM
45591027,ICD10CM
45591027,ICD10CM
45595797,ICD10CM
43531578,ICD10CM
45595797,ICD10CM
43531578,ICD10CM
45605401,ICD10CM
45600642,ICD10CM
45547627,ICD10CM
45566731,ICD10CM
45605401,ICD10CM
45600642,ICD10CM
45547627,ICD10CM
45566731,ICD10CM
1567959,ICD10CM
45533019,ICD10CM
1567959,ICD10CM
45533019,ICD10CM
1567960,ICD10CM
45581352,ICD10CM
45581353,ICD10CM
1567967,ICD10CM
45595799,ICD10CM
35206881,ICD10CM
1567960,ICD10CM
45581352,ICD10CM
45581353,ICD10CM
1567967,ICD10CM
45595799,ICD10CM
35206881,ICD10CM
1567961,ICD10CM
45552385,ICD10CM
45581354,ICD10CM
1567964,ICD10CM
45591030,ICD10CM
45552386,ICD10CM
43530685,ICD10CM
43530656,ICD10CM
45757435,ICD10CM
1567961,ICD10CM
45552385,ICD10CM
45581354,ICD10CM
1567964,ICD10CM
45591030,ICD10CM
45552386,ICD10CM
43530685,ICD10CM
43530656,ICD10CM
45757435,ICD10CM
1567962,ICD10CM
45537961,ICD10CM
45591029,ICD10CM
45770881,ICD10CM
1567962,ICD10CM
45537961,ICD10CM
45591029,ICD10CM
45770881,ICD10CM
1567963,ICD10CM
45557112,ICD10CM
45605402,ICD10CM
1567963,ICD10CM
45557112,ICD10CM
45605402,ICD10CM
45595798,ICD10CM
4221495,ICD10CM
45595798,ICD10CM
4221495,ICD10CM
1567965,ICD10CM
45605404,ICD10CM
376065,ICD10CM
1567965,ICD10CM
45605404,ICD10CM
376065,ICD10CM
45605403,ICD10CM
45547625,ICD10CM
4222415,ICD10CM
43530689,ICD10CM
37016354,ICD10CM
45605403,ICD10CM
45547625,ICD10CM
4222415,ICD10CM
43530689,ICD10CM
37016354,ICD10CM
45557113,ICD10CM
37017432,ICD10CM
45557113,ICD10CM
37017432,ICD10CM
45537962,ICD10CM
37016768,ICD10CM
45537962,ICD10CM
37016768,ICD10CM
45533020,ICD10CM
4140466,ICD10CM
45533020,ICD10CM
4140466,ICD10CM
1567966,ICD10CM
45576443,ICD10CM
443729,ICD10CM
1567966,ICD10CM
45576443,ICD10CM
443729,ICD10CM
45533021,ICD10CM
45533022,ICD10CM
4200875,ICD10CM
45533021,ICD10CM
45533022,ICD10CM
4200875,ICD10CM
1567968,ICD10CM
45586140,ICD10CM
4196141,ICD10CM
1567968,ICD10CM
45586140,ICD10CM
4196141,ICD10CM
45600641,ICD10CM
4198296,ICD10CM
43531563,ICD10CM
45770883,ICD10CM
45600641,ICD10CM
4198296,ICD10CM
43531563,ICD10CM
45770883,ICD10CM
1567969,ICD10CM
1567970,ICD10CM
35206882,ICD10CM
4193704,ICD10CM
37016163,ICD10CM
1567969,ICD10CM
1567970,ICD10CM
35206882,ICD10CM
4193704,ICD10CM
37016163,ICD10CM
45547626,ICD10CM
45547626,ICD10CM
45581355,ICD10CM
43530690,ICD10CM
45769890,ICD10CM
45757450,ICD10CM
36712686,ICD10CM
45581355,ICD10CM
43530690,ICD10CM
45769890,ICD10CM
45757450,ICD10CM
36712686,ICD10CM
45533023,ICD10CM
45533023,ICD10CM
1567971,ICD10CM
45757363,ICD10CM
1567971,ICD10CM
45757363,ICD10CM
45605405,ICD10CM
37016349,ICD10CM
45605405,ICD10CM
37016349,ICD10CM
44836914,ICD10CM
44836915,ICD10CM
44829878,ICD10CM
44824072,ICD10CM
44836916,ICD10CM
44824073,ICD10CM
44831045,ICD10CM
44832194,ICD10CM
44819500,ICD10CM
44829879,ICD10CM
44828795,ICD10CM
44833366,ICD10CM
44827616,ICD10CM
44833367,ICD10CM
44831047,ICD10CM
44826461,ICD10CM
44827617,ICD10CM
44829882,ICD10CM
43531597,ICD10CM
44836914,ICD10CM
44836915,ICD10CM
44829878,ICD10CM
44824072,ICD10CM
44836916,ICD10CM
44824073,ICD10CM
44831045,ICD10CM
44832194,ICD10CM
44819500,ICD10CM
44829879,ICD10CM
44828795,ICD10CM
44833366,ICD10CM
44827616,ICD10CM
44833367,ICD10CM
44831047,ICD10CM
44826461,ICD10CM
44827617,ICD10CM
44829882,ICD10CM
43531597,ICD10CM
4321756,ICD10CM
4321756,ICD10CM
4304377,ICD10CM
4230254,ICD10CM
4304377,ICD10CM
4230254,ICD10CM
4099216,ICD10CM
4099216,ICD10CM
4099651,ICD10CM
45757449,ICD10CM
4099651,ICD10CM
45757449,ICD10CM
4099217,ICD10CM
4222876,ICD10CM
4099217,ICD10CM
4222876,ICD10CM
4063043,ICD10CM
4063043,ICD10CM
4130162,ICD10CM
4130162,ICD10CM
4130164,ICD10CM
4130164,ICD10CM
4129519,ICD10CM
43531010,ICD10CM
4129519,ICD10CM
43531010,ICD10CM
4215719,ICD10CM
4215719,ICD10CM
443731,ICD10CM
443731,ICD10CM
4221487,ICD10CM
45769905,ICD10CM
4221487,ICD10CM
45769905,ICD10CM
443734,ICD10CM
36717156,ICD10CM
443734,ICD10CM
36717156,ICD10CM
4223463,ICD10CM
443733,ICD10CM
4223463,ICD10CM
443733,ICD10CM
4223739,ICD10CM
45757499,ICD10CM
4223739,ICD10CM
45757499,ICD10CM
4226121,ICD10CM
4226121,ICD10CM
4142579,ICD10CM
4142579,ICD10CM
4177050,ICD10CM
4177050,ICD10CM
45766052,ICD10CM
45766052,ICD10CM
37018728,ICD10CM
37018728,ICD10CM
43531651,ICD10CM
43531651,ICD10CM
43531562,ICD10CM
43531577,ICD10CM
43531653,ICD10CM
43531566,ICD10CM
43531559,ICD10CM
43531562,ICD10CM
43531577,ICD10CM
43531653,ICD10CM
43531566,ICD10CM
43531559,ICD10CM
43531564,ICD10CM
43531564,ICD10CM
43531588,ICD10CM
43531588,ICD10CM
45757474,ICD10CM
45757474,ICD10CM
43531608,ICD10CM
43531608,ICD10CM
43531616,ICD10CM
43531616,ICD10CM
45770928,ICD10CM
45770831,ICD10CM
45770928,ICD10CM
45770831,ICD10CM
45763582,ICD10CM
45763582,ICD10CM
45771064,ICD10CM
45757444,ICD10CM
45757445,ICD10CM
45757446,ICD10CM
45757447,ICD10CM
45771064,ICD10CM
45757444,ICD10CM
45757445,ICD10CM
45757446,ICD10CM
45757447,ICD10CM
45769828,ICD10CM
45769828,ICD10CM
45769835,ICD10CM
45769835,ICD10CM
45769836,ICD10CM
45769836,ICD10CM
45773064,ICD10CM
45773064,ICD10CM
45769872,ICD10CM
45769872,ICD10CM
45769875,ICD10CM
45769875,ICD10CM
45769888,ICD10CM
45769888,ICD10CM
45769889,ICD10CM
45757255,ICD10CM
45769889,ICD10CM
45757255,ICD10CM
45769894,ICD10CM
45769894,ICD10CM
45769906,ICD10CM
45769906,ICD10CM
45770830,ICD10CM
45770830,ICD10CM
45770832,ICD10CM
45770832,ICD10CM
36712670,ICD10CM
36712670,ICD10CM
45757075,ICD10CM
45771072,ICD10CM
45757075,ICD10CM
45771072,ICD10CM
45757277,ICD10CM
45757277,ICD10CM
45757278,ICD10CM
45757278,ICD10CM
45757280,ICD10CM
45757280,ICD10CM
45772060,ICD10CM
45772060,ICD10CM
45757392,ICD10CM
45757392,ICD10CM
45770880,ICD10CM
45770880,ICD10CM
37018912,ICD10CM
37018912,ICD10CM
46274058,ICD10CM
46274058,ICD10CM
36712687,ICD10CM
36712687,ICD10CM